ground_truth,predicted,tanimoto_score
CSP1(=S)SP(=S)(SC)S1,P(OCC)C(NS)C(N)(N)NCC(=NCC)C(N)=NC,0.048327137546468404
O=C1SC(=O)C(Cl)=C1Cl,O(CCNCCCCC)(NCCCCCCC)(NCCCCC)(NCCCCC)(NCCCCC)NCCCC,0.0
CC(C)(C)S/C(Cl)=C(\Cl)Br,,0.0
CC(O)C1=PC=PC=P1,OCCCCCCCCCCCCCCCCCCCCCCCCCCCCCCCCCCCCCCCCCCCCCCCCCCCCCCCCCCCCCCCCCCCCCCCCC,0.06201550387596899
COC(=O)/C(=N\Cl)N(Cl)Cl,OC(C(CC(C=N(CCOCC(O)C)C)C)C(CC(=NCCOCC(O)C)C)C)CCCC=NCCOCC(O)C,0.0
[2H]C([2H])([2H])OCOC,OCC(CC)(COC)(C(O)=NC(COC(COC)COC)COC)COC,0.0
CCN1C(=O)CSC(Cl)C1Cl,,0.0
N#CN=C1C=C2SC(=NC#N)C=C2S1,O=C(N1CC(C(CC1)C)C=CC#N)CC=NN=C=N,0.09899569583931134
NC(CS(=O)(=O)O)P(=O)(O)O,,0.0
C=P(C1=CC=CC=C1)(C1CC1)C1CC1,OC34C12(C(C1(=C)C)(=C2(C)C)=C)(=C3C)=C4N(=NC=CC5=C(C=CC=C5)C)CC6C(C6)(C)=C,0.0
CP(F)(=S)Cl,OC(CNC(CCCC)NC(CCCCC)N1CC1)C,0.011363636363636364
CN1C=C(Cl)NC=C1Cl,,0.0
CC[C@@H]1CCC[C@H]1C,CCCCCCCCCCCCCCC1C2345678CCCCC(CC1)(CCC2)(CCC3)(CCC4)(CCC5)(CCC6)(CCC7)CCC8,0.0
BrC1CCC(Br)CC1,,0.0
CC(=O)C(=C=O)P(=S)(C(C)(C)C)C(C)(C)C,OCC(NC(C)(C)C)C(NCC(C)(C)C)=N(C(CNC(C)(C)C)NC(=O)NC(C)(C)C)(NCC(C)(C)C)CNCCC,0.0
C[C@]12C[C@H](CS(=O)C1)C1=C(C=CC(F)=C1)N2,OCCCCCCCCCCCCCCCCCCC(CC)C(CC)C(CC)CCCCCC(CC)C(CC)CCCCCC(CC)C(CC)CCCCCCCC,0.028692879914984058
NC(=O)ON1C=NN=N1,ONNCOCOPOPOPOPOPOPOPOPOPOPONNCOCOCOPOPONNCOCOPOPONNCOCOPOPOPOPOPOPOPOPOPOP,0.071875
N#CC(Cl)(N=S=O)C(Cl)(Cl)Cl,I,0.0
CCSCCSP(C)(=O)OC(C)(C)C(C)(C)O,,0.0
CCOC(C)=NC1=NOC(C)=C1,OC(CCCCCOC)N(CCCCCOC)N(CCCCCOC)N(CCCCCOC)NCCCCCOC,0.10652463382157124
C1=CN(ON2C=CN=N2)N=N1,OCCNCCN=NC(N1N=CN=C1)C=CCC=CC=NC=CN2N=CN=C2,0.07863501483679525
CC1=C(Cl)C=CP(Cl)C1,OCCN(N=NC(CCC)C(N)=NO)C(CC)C(N)=NO,0.08384146341463415
N#CC1C=NNC1N,NN(N(NNNNN)(CCNN)(CCNN)CNNN)(CC(CNN)(CCNN)(C)(C)(C)C)CNN,0.0
CCOC1(SC)OS1,OC(O)(=O)(F)OCCOCOOCC1OC1NOOCC(O)C,0.0
CC(=O)SCC(=O)C1=CC=CN1,OC(CC(CC=CC(=C1C=CC=C1)(C)(C)(C)C)C)C,0.0
CCOCCON=O,OC(C(C(O)(C)C)C)C(O)CCC(O)CC(O)(C)C,0.04326923076923077
CN(C)NC(=S)N(C)N,OC=CNCCCCCCCCCCCCCCCCCCCCCCCCCCCCCCCCCCCCCCCCCCCCCCCCCCCCCCCCCCCCCCCCCCCCCC,0.034013605442176874
O=[N+]([O-])C1NN=CN1Br,OCCCCCCCCCN(=C=O)(=O)N(COC)(=O)(COC)(=O)(COC)(=O)(COC)(=O)C(=O)NCOC,0.0
C1=NN=NN1C1=NNN=N1,ON=NC=CCCCCCCCCCCCCCCCCCCCCCCCCCCCCCCCCCCCCCCCCCCCCCCCCCCCCCCCCCCCCCCCCCCCCC,0.02766798418972332
BrCC1=NN=CO1,OCCCCCCCCCCCCCCCCCCCCCCCCCCCCCCCCCCCCCCCCCCCCCCCCCCCCCCCCCCCCCCCCCCCCCCCCC,0.008695652173913044
O=S=C(F)C(F)(F)F,O=CNCCCCCCCCCCCCCCCCCCCCCCCCCCCCCCCCCCCCCCCCCCCC(CC)CCCCCCCCCCCCCCCCC(CC)CC,0.014925373134328358
N#CN=C(CCl)N=S1CCOCC1,OCCCC(CCCCCCCCC1CC1)CCCC,0.03214285714285714
N#CC(Br)CS(=O)(=O)CBr,,0.0
CCOC1=C(P)N=NN1OCC,O(CC(NN)=NC(C(NN)=NCC)NN)CC,0.08943089430894309
CCOC1=NN=CS1,OCCN=NCCCCCCCCCCCC(CCCCCCCCCCCCCC)CC,0.043689320388349516
N=C(N)C(Br)Br,ON=CCC(C(NN)C)C=N(NN)(CC)C(=N(NN)C)C,0.0
NN1C=CN(CCCO)N1,OCCCCC(CCCCCCCCCCCCCO)(CCO)CCO,0.07086614173228346
ClP(Cl)N1CCOP1Cl,POCCCCCCCCCCCCCCCCCCCCCCCCCCCCCCCCCCCCCCCCCCCCCCCCCCCCCCCCCCCCCCCCCCCCCCCC,0.06018518518518518
CCOP(=S)(NP(=S)(OCC)OCC)OCC,Cl(O(POCC)COCC)(OOCC)(OOCC)(OOCC)(OOCC)(OOCC)(OOCC)OOCC,0.0
CC1=C(OC(=O)Cl)N=CS1,OCCCNCCCCCCC(C(CCCCCCCCCCCCCCC(O)(=O)N)C1OC1C)C,0.0
N[C@@H](CO)C(=O)O,OCC(N)C(N)C(N)C(N)C(N)C(N)C(N)(C(N)C(N)CN=NN)C1OC1C(O)(=O)(N)=NCC(O)(=O)N(O)(=O)(N)=NCC(O)(=O)NO,0.0
COP(=O)(O)NS(C)(=O)=O,,0.0
ClOC1=NC(OCl)=NC(OCl)=N1,,0.0
C=COOC(C)Br,O(CC(O)COCCC#N)CCC#N,0.08181818181818182
CS(=O)(=O)C1N=NN=N1,O(C(CNCCCN=NCCN)CCNCCCN)C,0.050359712230215826
CS(=O)(=O)NN(S(C)(=O)=O)S(C)(=O)=O,,0.0
CCCSC(CC(=O)NC(C)(C)C)=C(Cl)Cl,S(=O)(=O)(NC(CC)(C)C)CC(NC(OC(C)(C)C)=O)C(O)=O,0.12750716332378223
CC1=CSC(C)=C1C=O,OCCCCCCCCCCCCCCCCCCCCCCCCCCCCCCCCCCCCCCCCCCCCCCCCCCCCCCCCCCCCCCCCCCCCCCCCC,0.013100436681222707
CN(C)S(=O)(=O)N1CCN(N(CC#N)N=O)CC1,,0.0
CCP(CC)C1=NC=CN=C1,,0.0
[2H]C([2H])=C1CCC1([2H])[2H],,0.0
O=S(=O)(O)C1=CC=C(SC2=CC=CC=C2)C=C1,,0.0
O=CC1=CC(=O)N=N1,OCCCCCCCCCCCCCCCCCCCCCCCCCCCCCCCCCCCCCCCCCCCCCCCCCCCCCCCCCCCCCCCCCCCCCCCCC,0.017341040462427744
COC(OC)=C(OC)OC,,0.0
C1=CN=C(C2=NNC(C3=NC=CC=N3)=NN2)N=C1,OCCNC(NCC)=NC=N2(NC1(=NCCC)NN=CN=1)NN=NN=C2,0.0
[2H]C([2H])([2H])SSSC([2H])([2H])[2H],,0.0
CC[C@@H]1[C@@H](N)C[C@@H](C2=CC=CC=C2)S[C@H]1C1=CC=CC=C1,OCC=CC=CC=CC=CC=CC=CC=CC=CC=CC=CC=CC=CC=CC=CC=CC=CC=CC=CC=CC=CC=CC=CC=CC=CC=CC=CC=CC=CC=CC=CC=CC=CC=CC=CC=CC=C,0.017391304347826087
FC(F)(F)C(Cl)OC(Cl)(Cl)Cl,,0.0
C=C1C=C/C(=C/Br)O1,OCO=CCCOCCCCCCCCCCCCCCCCCCCCCCCCCCCCCCCCCCCCCCCCCCCCCCCCCCCCCCCCCCCCCCCCCCC,0.0
O=C(F)O[P+](F)(F)OC(=O)F,OCCOCCCCCCCCCCCCCCCCCCCCCCCCCCCCCCCCCCCCCCCCCCCCCCCCCCCCCCCCCCCCCCCCCCCCCC,0.024096385542168676
CC(=O)CSN1C(C)=CNN1C,OCCOCCOCOCOCCOCOCCOCOCCOCOCCOCOCCOCOCCOCOCCOCOCCOCOCCOCOCCOCOCCOCOCCOCOCCO,0.02558139534883721
N[C@@H](CS)C(=O)O,,0.0
CC(=O)NN/C(N)=C/C#N,,0.0
O=C1NC(=O)N(C(F)(F)F)C(F)(F)N1C(F)(F)F,FC(F)(F)CNCNC(CNN(BO)(C)(C)(C)C)C1CN(CCNCC1=NC)C,0.0
C=C1OC(=S)OC1=C,OCCCCCCCCCCCCCC(C1CC1=C)C,0.0410958904109589
CC1=NOCC(Cl)S1,OCCNCCNCCNCCNCCCNCCCO,0.03896103896103896
COCN(O)COC,OCC(O)C(N)(CN)C(N)C(N)C(O)C(O)C(O)C(O)CO,0.023758099352051837
CC(=O)OP(=O)(F)F,,0.0
CO/C(SC)=C(\OC)SC,OCC1(C)C(C1)(NC(COCC)(NOCC)(NOCC)C)CC,0.0
CC(C)=C1N(C)N=NN1C,NCCCCCCCCCCCCCCCCCCCCCCCCCCCCCCCCCCCCCCCCCCCCCCCCCCCCCCCCCCCCCCCCCCCCCCCCC,0.037914691943127965
CNC(=O)NCS(=O)O,OCCCCCCCC1(NN)CCCCCCCCC(NN)CCCCCCCCC1,0.04390243902439024
O=P(F)(Cl)C1CCCCC1Cl,POCCCCCCCC1CCCCCCCCCCCCCCCCCCCC1,0.0625
CC1=NSC(C(Cl)(Cl)Cl)O1,,0.0
FN(Cl)C(F)(F)C(F)(F)F,,0.0
OC(SF)SF,,0.0
C=C1N(SC)C=CN1SC,OCC(CC(CCC)(CC)(CC)CC)(C(CC)CC)(CC)(CC)CC,0.0
O=S1(=O)C(Cl)=C(Cl)C(Cl)=C1Cl,,0.0
O=S(=O)(Br)CF,S(=O)N=NNCCCCCCCCCCCCCCCCCCCCCCCCCCCCCCCCCCCCCCCCCCCCCCCCCCCCCCCCCCCCCCCCCCCC,0.02564102564102564
CCO/C(=N/S(C)(=O)=O)NO,,0.0
CCN(CC)P(C1=NC=CN1)N(CC)CC,,0.0
O=P(O)(CCl)CCl,OC1(CC1)CNNC2(CC2)C(N)(CCC)C=N(O)C,0.0
[2H]C1OC(=O)C([2H])([2H])OC1=O,OC1(CN(CC1C)C(=O)(NCC(O)C)CC(C)C)C,0.0
CC(C)N(C(C)C)P(C#N)/C=N/CN(C)C,OCCNCN(=NCCCCCCCCCCC1CC1)NCC,0.0
CNC(=O)C1=C(Cl)SN=N1,OCCCCCCCCCCCCCCCCCCCCCCCCCCCCCCCCCCCCCCCCCCCCCCCCCCCCCCCCCCCCCCCCCCCCCCCCC,0.01440922190201729
NN1NN=CC(=O)C1=O,OCCCNCCNCCNCCNCCNC(CNCC)C(NCCNCCNCC)(CCC)C(NCCNCCNCC)CCC,0.06802721088435375
FN(F)N(F)F,NCCCC(C(CCC#N)(C)(C)(C)(C)(C)(C)(C)(C)(C)(C)(C)(C)C)(C)=NC=CC=C,0.0
F/N=C(\C(F)(F)F)C(F)(F)N(Cl)Cl,S(=O)(=O)NCCCCC(O)CCCCCCCCCC(O)(F)(F)=NCC(O)(F)(F)(F)=NCC(O)(F)(F)=NCC(O)(F)(F)(F)=NCC(O)(F)(F)=NCCO,0.0
NC(N)=NC(S)C1=CSC=N1,O45C26(C13C(N)C1(N)C2CC=3CCCCNN)(C4OC5CC=6CCCCCNN)C79N8C7(N)C8(N)C9CC,0.0
COC1=NC(Cl)N=CN1,O=CN=CC=CC=CC=CC=CC=CC=CC=CC=CC=CC=CCCCCCCCCCCCCCCCCCCCCCCCCCCCCCCCCCCCCCCCCCCCCCCCCCC,0.05128205128205128
CC(C)(C)C(P)=S,OC1CC2CC3C1C4C2C5C3C6C4C7C5C8C6C9C7C%10C8C%11C9C%12C%10C%13C%11C%14C%12C%15C%13C%16C%14C%17C%15C%18C%16C%19C%17C%20C%18C%21C%19C%22C%20C%23C%21CC%22CC%23,0.03821656050955414
[2H]C([2H])([2H])C([2H])(NC(N)=S)C([2H])([2H])[2H],OC1CCNC13CC(O)CC2(O)OC24C3C(O)(O)(=O)(N)(=O)C4=CC(N)(Cl)C5(O)OC5(N)(=O)NC(N)(=O)(N)C(N)(=O)(N)C(N)(=O)(N)CN,0.0
CSC(=O)C#CC(C)(C)N(C)C,O1CC1CCCCC(CCC(CC)(C)(C)(C)C)(C)(C)(C)(C)(C)(C)(C)(C)(C)(C)(C)(C)(C)(C)(C)(C)(C)(C)(C)(C)(C)(C)(C)C,0.0
NN1C(CC2=NNC(=S)N2N)=NNC1=S,,0.0
OC1=CSSC=C1O,OCCCCC(N)CCCCCCCCCCCCCCCCCCCCCCCCCCCCCCCCCCCCCCCCCCCCCCCCCCCCCCCCCCCCCCCCCC,0.06756756756756757
C1CN2CCSP2S1,O1CC(O)C1CCCCCCCCCCCCCCCCCCCCCCCCCCCCCCCCCCCCCCCCCCCCCCCCCCCCCCCCCCCCCCCCCCC,0.04411764705882353
O=S(=O)(O)OC1=NC=NC=C1,S1(=O)(=O)NCCOCCOCCOC1CCCCCCCCCCCCCCCCCCCCCCCCCCCCCCCCCCCCCCCCCCCCCCCCCCCCCCCCC,0.08183306055646482
CN(C=O)/N=N/N(C)C=O,O=CNCCCCCCCCCCCCCCCCCCCCCCCCCCCCCCCCCCCCCCCCCCCCCCCCCCCCCCCCCCCCCCCCCCCCCCC,0.1
ClC(Cl)(Cl)C1=NOC=N1,BrCCCCC1CC(C1)C2C(CC2)COCC34(O(C3(CC4)(C)C)(C)(C)C)(C)(C)(C)(C)(C)(C)C#CCC56O(C5(CC6)(C)C)(C)C,0.0
O=S(=O)(F)C1=NC=CS1,,0.0
CC(C)(C#N)N(O)CN(O)C(C)(C)C#N,NCCCC(C(C(C)(C)C)CN)(CCC(CC(C)(C)C)CCC#C(C#N)C#N)(CN=C(CC)CC#N)CCC(N)CN,0.0
NOC(N)(N)ON,,0.0
CSC1=NC(SC)=C(C)O1,,0.0
O=C(C1=COC=C1)C(F)(F)F,OCCCCCCCCCCCCCCCCCCCCCCNNCCCCCCNNCCCCCCNNCCCCCCNNCCCCCCNNCCCCCCNNCCCCCCNNC,0.023178807947019868
C1=CNC(C2=NC=CN2)=N1,OCCNN=NC=CC=CC=CC=CC=CC=CC=CC=CC=CC=CC=CC=CC=CC=CC=CC=CC=CC=CC=CC=CC=CC=CC=CC=CC=CC=CC=CC=CC=CC=CC=CC=CC=CC=C,0.02185792349726776
CCCCC#C[C@@H](O)CF,OCCCCCCCCCCCCCCCCCCCCCCCCCCCCCCCCCCCCCCCCCCCCCCCCCCCCCCCCCCCCCCCCCCCCCCCCC,0.13333333333333333
O=C1C(O)=C(P(=O)(O)O)C1=O,,0.0
CSN1OC(=O)N(C)C1=O,OOPOCOCOCOCOCOCOCOCOCOCOCOCOCOCOCOCOCOCOCOCOCOCOCOCOCOCOCOCOCOCOCOCOCOCOCO,0.03611738148984198
CN(CP(=O)(O)CN(C)S(C)(=O)=O)S(C)(=O)=O,,0.0
CN=CNP(=S)(OC)SC(C)C,POCNCNCNCN=NCNC,0.056291390728476824
CCP(CC)NCC(C)C,OCCCC,0.05813953488372093
CN1N2CN3CN(C2)N(C)P1N3C,OCNCNCCNCNCNCNCNCNCNCNCNCNCNCNCNCNCNCNCNCNCNCNCNCNCNCNCNCNCNCNCNCNCNCNCNCN,0.058355437665782495
CCSP(=O)(Cl)OC,,0.0
N#C/C(Cl)=N/SN1CCOCC1,OCCNCCCCNCO(CCN)CNCCO(CCN)C#CCCCN=NOCCOC(=CC(N)C)C#CC(CCCN)C#CC(CCCN)C#CCC,0.0
CC(=S)NOC(=O)NCSCNC(=O)ONC(C)=S,OC(CNCCCCNCN(C)C)CCNC1=NC(=NC=N1)N,0.060209424083769635
CC1=CSC(=O)NC1=O,OCCCNCCCCCCCCCCCCCCCCCCCCCCCCCCCCCCCCCCCCCCCCCCCCCCCCCCCCCCCCCCCCCCCCCCCCC,0.019736842105263157
COP(C)(=O)OCP(=O)(OC)OC,,0.0
S=C1C(=S)C(S)C1S,O(C(CNC3C1C(C1C2OC2CC3)C(N)=NO)CCCC(N)=NCCO)C,0.058029689608636977
ON1CSCCSC1,OCCCNCCCCCCCCCCCCCCCCCCCCCCCCCCCCCCCCCCCCCCCCCCCCCCCCCCCCCCCCCCCCCCCCCCCCC,0.07751937984496124
C=[N+](C)NO[N+](=C)NC,O(=CNNCCN(C)(C)(C)(C)(C)C)CNN(C)(C)(C)C,0.0
CN(C)N(P(F)(F)=S)P(F)(F)=S,OCCCCCCCCCCCCCCCCCCCCCCCCCCCCCCCCCCCCCCCCCCCCCCCCCCCCCCCCCCCCCCCCCCCCCCCCC,0.004830917874396135
CS(C)(C(O)O)C(O)O,OC(C(CC(O)C(O)C(O)(O)C)C)(CC(OC(O)(C)C)(C)C)(C)C,0.0
CN(C)S(=O)(=O)NN1C=NN=C1,,0.0
C1=CC2=NON=C2N=C1,OCNCCNCC1NC1C2NC2C3NC3C4NC4C5NC5C6NC6C7N8C7C8C9NC9C%10NC%10C%11NC%11C%12NC%12C%13NC%13C%14NC%14C%15NC%15C%16NC%16C%17NC%17C,0.0625
OC1=C(Br)C=CC(Br)=C1Cl,,0.0
CN1C=C(Cl)N=C1C#N,ON=C2C1CC(CC1)C(C2(CC(C)C)C)C(C(C)C)C,0.04195804195804196
CCN1C=CS/C1=N/N=O,,0.0
NN(N)C(CO)OCCOCCO,,0.0
N#CC(F)(F)OC(F)(F)F,,0.0
N#CC(C#N)=N/C(C#N)=C(\N)Cl,OCOCOCOCOCOCOCOCOCOCOCOCOCOCOCOCOCOCOCOCOCOCOCOCOCOCOCOCOCOCOCOCOCOCOCOCOC,0.009852216748768473
C[C@H]1C[C@@H]2CCC[C@@H]2S1=O,,0.0
C1=C2C=CC=NC2=NCO1,,0.0
C1=CN2NN=NC2=C1,FC(F)CCCCCCCCCCCCCCCCCCCCCCCCCCCCCCCCCCCCCCCCCCCCCCCCCCCCCCCCCCCCCCCCCCCCCC,0.025210084033613446
CSC1=NSC(SC)=C1N,FCCCCCCCC1C(CC1)CCC2C(CC2)CCC3C(CC3)CCC4C(CC4)CCC5C(CC5)CCC6C(CC6)CCC7C(CC7)CCCCC,0.015544041450777202
[2H]/C(C#N)=C(\[2H])S/C([2H])=C(/[2H])C#N,OCCNCC(O)(=O)CCCCCCCCCCCCCCCCCCCCCCCCCCCCCCCCCCCCCCCCCCCCCCCCCCCCCCCCCCCCCCCC,0.0
O=S=P(Cl)(Cl)Cl,,0.0
NC(=O)N(F)F,O=CNN(=NCCCC=N(N(CCNNCC)C)C)CCC=NC=NC(C(C=C)(C)C)C=NCNN=NCCNN=NC(CNNCC)C,0.0
O=S(=O)(OO)S(=O)(=O)OO,P(O)(O)(O)(O)(O)(O)(O)(O)(O)(O)(O)(O)(O)(O)(O)(O)(O)(O)(O)(O)(O)(O)(O)(O)(O)(O)(O)(O)(O)(O)(O)(O)(O)(O)(O)(O)O,0.0
O=S(=O)(/C=C\S(=O)(=O)CCl)CCl,,0.0
NC(=S)C=S,,0.0
CN(C)S(F)(N(C)C)N(C)C,OCNC1NCNC1CCCCCCCCCCCCCCCCCCCCCCCCCCCCCCCCCCCCCCCCCCCCCCCCCCCCCCCCCCCCCCCCC,0.033444816053511704
CC1(C)[C@@H]2C3C4C3C4[C@@H]21,O=CNCCC(C(C(C(C(C(C(C(C(C(CCC)(CCC)CC)CC)CC)CC)CC)CC)CC)CC)CC)CC,0.32663316582914576
CCCC/C(N)=N/OC(=S)N1C=CN=C1,OCC(O)CCCNCC(O)CCOCC(O)COCC(O)CNCCCNCCOCCOCC(O)CNCCCNCCC1NCC(O)C1(O)CNCCCCNCCCCNCC,0.1282051282051282
[2H]C1=NC([2H])=NC([2H])=N1,F,0.0
CNP(=O)(C(F)(F)F)C(F)(F)F,,0.0
CP(C)(=S)C(P(C)(C)=S)P(C)(C)=S,OCOC,0.0
ClC1=NC2=C(S1)SC(Cl)=N2,OCCCCCCCCCCCCCCCCCCCCCCCCCCCCCCCCCCCCCCCCCCCCCCCCCCCCCCCCCCCCCCCCCCCCCCCCC,0.003076923076923077
CN1SN=C(Cl)C1=O,OCNCNCN(C)(C)(C)CN(C)(C)(C)(C)(C)(C)(C)(C)(C)(C)(C)(C)(C)(C)(C)(C)(C)(C)(C)(C)(C)(C)(C)(C)(C)(C)(C)(C)(C)C,0.0
[2H]C1(C#C)CC1,,0.0
FC1=NN=C(F)C(SC(F)(F)F)=C1SC(F)(F)F,FCCCC(CO)CCCCCCCCCCCCCCCCCCCCCCCCCCCCCCCCCCCCCCCCCCCCCCCCCCCCCCCCCCCCCCCCC,0.03773584905660377
CC(C)[C@]12CC[C@@H](C)[C@H](CO1)C2,OCNCNCNCNCNCNCNCNCNCNCNCNCNCNCNCNCNCNCNCNCNCNCNCNCNCNCNCNCNCNCNCNCNCNCNCNC,0.011235955056179775
CC(C)(OP(Cl)C1=COCCO1)C(Cl)(Cl)Cl,,0.0
CN=C1N(C)C(=S)N(C)C(=S)N1C,,0.0
CN(C)C1=CC(=S)SS1,,0.0
CSC(=O)NCC(C)CNC(=O)SN,,0.0
FN(F)C1(F)N(F)N1F,O,0.0
N#CN(F)Cl,,0.0
FP(F)N=C=NP(F)F,OCCNN(N)=NCCCCCCCCC(C1CC1)(C)(C)(C)C,0.0
O=P(Cl)(Cl)C(F)(F)P(=O)(Cl)Cl,,0.0
N=N[N+](=N)C1=NC=NC=N1,,0.0
C1=NNC(C2=NC=NN2)=N1,NCCCCCCCCCCCCCCCCCCCCCCCCCCCCCCCCCCCC,0.017341040462427744
N#CC(F)(Br)[N+](=O)[O-],,0.0
FOC(F)(F)OOC(F)(F)OF,,0.0
CP(C)P(C(F)(F)F)C(F)(F)F,OCCCCCCCN(=NCCCNNC)N=CCN=NC=N1C=NN=CC=12C=NN=C3C=2C#CC=C3NC,0.0
CON1C=CPC1=S,ON=CCCCCCCCCCCCCCCCCCCCCCCCCCCCCCCCCCCCCCCCCCCCCCCCCCCCCCCCCCCCCCCCCCCCCCCC,0.014218009478672985
CCSOP(O)OSCC,,0.0
CN(C)P(C(F)=C(F)F)C(F)=C(F)F,O=C(N(C)(C)(C)(C)(C)(C)(C)(C)C)C(N(=NC(C(NCC)=NCCC)CC)CC)C(CNCC)C,0.0
CN(C)P(=N)(N(C)C)[N+](C)(C)C(C)(C)C,S=PNCCC13(CNN2CCCCC12)CCCC(C=3C4#CCCCC4)CCC,0.0
C=C(O[P+](=S)SC)O[P+](=S)SC,OC1C(C=CC=C1N)(N)C=CC=NNC(=O)NO,0.04521739130434783
CN1SCCSN1C,SCCNCCCCCCCCCCCCCCCCCCCCCCCCCCCCCCCCCCCCCCCCCCCCCCCCCCCCCCCCCCCCCCCCCCCCCC,0.07947019867549669
O=C=NS(=O)(=O)OS(=O)(=O)N=C=O,ONONON(O)CNNNOOOOOOOOOOOOOOOOOOOOOOOOOOOOOOOOOOOOOOOOOOOOOOOOOOOOOOOOOOOOOO,0.035211267605633804
CP(C)(=S)C#CP(C)(C)=S,,0.0
CN(C)C1=C(N(C)C)C1=N,,0.0
S=P1(Cl)SCCS1,PONOCCCCCC1CCCCCCCCCCCCCCCCCCCC1,0.023809523809523808
CP(F)Cl,FCCOCCCCOPOCCOC,0.0
N=CC1=NN=CN1C(Cl)(Cl)Cl,OCCCCCCCCCNNCCCCNNCC1NNCCNCCNCCNCCNCCNCCC1,0.04576659038901602
CC(CN(C)S(=O)(=O)F)S(=O)(=O)F,,0.0
C#CS(=O)CCl,,0.0
C/C=N\N/C(Br)=C(\C)CC,,0.0
C=CN=CPC(C)C,N(=NC(CC(C)(C)C)(C)(C)C)C=CC(CCC#N)C,0.0
CN(NC(=O)C(Cl)=C(Cl)Cl)C1=CN=NS1,OCCNC=N(CC1NCCNC1)C(=O)NCCNC(CN2CCN(CC2)C)CC,0.0
CC1=NC(=S)N(N(S)C(N)=O)C(C)=C1,OCCCCCCCCCCCCCCCCCCCCCCCCCCCCCCCCCCCCCCCCCCCCCCCCCCCCCCCCCCCCCCCCCCCCCCCCC,0.017467248908296942
FN(F)C1(F)N=N1,,0.0
C=PP(P)P,,0.0
[N-]=[N+]=NN(F)F,,0.0
OS(=S)Cl,,0.0
O=[N+]([O-])N(F)C1CCCC1,OCCCCCCCCCCCCCCCCCCCCCCCCCCCCCCCCCCCCCCCCCCCCCCCCCCCCCCCCCCCCCCCCCCCCCCCCC,0.04455445544554455
[2H]C(Cl)=CCC(Cl)CC,,0.0
C/C(=N/O)C(C)(N)Cl,,0.0
CN=[P+](OP)OP,,0.0
N#COCSSOC#N,OCCCCCCCCCCCCCCCCCCCCCCCCCCCCCCCCCCCCCCCCCCCCCCCCCCCCCCCCCCCCCCCCCCCCCCCCC,0.03614457831325301
NP(O)(=S)NCS(=O)C1=CC=CC=C1,OCCCCCC=CC=CC=CC=CC=CC=CC=CC=CC=CC=CC=CC=CC=CC=CC=CC=CC=CC=CC=CC=CC=CC=CC=CC=CC=CC=CC=CC=CC=CC=CC=CC=CC=CC=C,0.024096385542168676
C=CCSC(C=C)N(OC(N)=O)OC(N)=O,OPOCCCCCCCCCCCCCCCCCCCCCCCCCCCCCCCCCCCCCCCCCCCCCCCCCCCCCCCCCCCCCCCCCCCCCCC,0.03353658536585366
C1=NC=CC(NNN2CCNCC2)=C1,OCCCCCCCCCCCCCCCCCCCCCCCCCCCCCCCCCCCCCCCCCCCCCCCCCCCCCCCCCCCCCCCCCCCCCCCCC,0.02727272727272727
O=C(F)N(C(=O)F)C(=O)F,OCOCOCOCOCOCOCOCOCOCOCOCOCOCOCOCOCOCOCOCOCOCOCOCOCOCOCOCOCOCOCOCOCOCOCOCOC,0.0
O=S(O)N(Br)Br,,0.0
C1N2[C@@H]3O[C@@]132,I,0.0
CC1(NC=O)C=CNO1,ICOCCCCCCCCCCCCCCCCCCCCCCCCCCCCCCCCCCCCCCCCCCCCCCCCCCCCCCCCCCCCCCCCCCCCCCC,0.06
O=S([O-])NC1=NC=C(Cl)S1,OCCNCCOCCO(CC)COCCCO(COC)C(OCOC)C(OCC)CO(CC)(COC)C(O(CC)COC)COCC,0.0
CCCCNOC(=O)N=S(=O)=O,FCCC(CC)(CC(=O)NN=CCO1(C(COC)(COC)COC(=O)C1)COC)CCOC(OC)CCCCOCOC,0.0
NNSC=S,S(=O)(=O)(N)CCCN(N)CCC(N)(CC(CN)C)C(=O)NN,0.024175824175824177
[N-]=P(=S)Cl,,0.0
S=C1C=NC=CS1,,0.0
CNC(=O)CP(C)C(=O)NCC(O)CO,O(C(=O)C(NC(=O)CCC(=O)NC)CCC(=O)NC)C,0.1423076923076923
CCCCCP=NPCl,O(C(CCCCC)(C)C)CNCN1CC1,0.05045871559633028
O=S([O-])(F)(F)F,,0.0
O/N=C\C1=NSN=C1,OC(=O)(CN(CC(CC(CC(C(CCC(CCO)C)CC(O)=O)(C)CO)(C)CO)(C)CO)(C)CO)(C)CO,0.0
C=N/C(=C\C)C(O)C1=COC=N1,OCCCCCCCCCCCCCCCCCCCCCCCCCCCCCCCCCCCCCCCCCCCCCCCCCCCCCCCCCCCCCCCCCCCCCCCCC,0.02912621359223301
CC(C)(C)S1=NC=CS1,OC#CC#CC#CC#CC#CC#CC#CC#CC#CC#CC#CC#CC#CC#CC#CC#CC#CC#CC#CC#CC#CC#CC#CC#CC#CC#CC#CC#CC#CC#CC#CC#CC#CC#CC#CC#CC,0.021621621621621623
CS(=O)(=O)CCSC1=CC=CC(F)=C1C#N,,0.0
O=PC(CBr)OCCl,,0.0
CC(Br)=N/C=C(/F)S,OC=CCNN=NCC(O)=C(O)(C)(C)(C)(C)(C)(C)(C)(C)(C)(C)(C)(C)(C)(C)(C)(C)(C)(C)(C)(C)(C)(C)(C)(C)(C)(C)(C)(C)(C)C,0.0
CP(C)/C=N\OCC(=O)O,,0.0
NC1=[N+](N)CC=CN1,,0.0
CCP(CC)OC1=NC2=C(C=C1)NC=CC2=O,,0.0
C=PC(=O)C(C)C,,0.0
CN(F)CN,NCCCCN=N1NCCCC1CC(N)(C)(C)C#CCN,0.0
C[C@@H](C(=O)O)N(CCSC1CCCCC1)N=O,OC(C1(CCCCC1)C2N=C(ON=2)C)CCC(CCC)(C)C,0.11375661375661375
FON1CC1,OCCCCC(CC)COOC,0.042735042735042736
FC(F)=C(F)P(Cl)Cl,O1C(C1)C,0.024096385542168676
C[N+](C)(C)CCSO[Cl+3]([O-])([O-])[O-],S(OCCOP(OC)(OC)=O)(OC(=O)C)C,0.05363984674329502
ClC1=NN=NC(Cl)=C1OC1CCCCCCCCCCCN1,BrCCCCCCCCCCCCCCCCCCCCCCCCCCCCCCCCCCCCCCCCCCCCCCCCCCCCCCCCCCCCCCCCCCCCCCCCC,0.0367965367965368
CC=C(N=C=O)C(=O)SC,,0.0
CN(C)NP1OCCO1,O1C(CCCC1)C(N(C)C)NCC(NCC)N(CC)C,0.06108597285067873
C[N+](C)(CBr)CCF,OC(CN(C1CC1)CCN(C)C)C,0.08602150537634409
P1=P[P-]1,,0.0
O=S(O)(=NO)OO,S(=O)(=O)(NC(C)C)CC=NC(OP(O)(O)=O)CC,0.029023746701846966
CC(NS(C)(=O)=O)N(C(=O)O)C(C)(C)C,,0.0
C1=NN(ON2N=CC=N2)N=C1,OCCNCN=NCCNCNCNCNCNCNCNCNCNCNCNCNCNCNCNCNCNCNCNCNCNCNCNCNCNCNCNCNCNCNCNCNCN,0.02717391304347826
C=C(Cl)OCl,,0.0
C=C(Cl)C(C)NC(N)=S,S=C(N)(C(CNCC(CC(C)=C)C)(C)C#N)C#N,0.0
CSC(N[P+](=O)S)=C(C#N)C#N,,0.0
CC(=O)[C@@H]1CCCSP(=O)(Cl)N1,,0.0
CC1=CC(NC(=O)/N=C(/C(Cl)Cl)N2CCSCC2)=NO1,O(=CNC1CCCCCC1)CC(CCCCCCC(=O)NCCO)C(CCCCCCC(=O)NCCO)CCC,0.0
CCC(Cl)(CCl)P(O)O,OCCCC(CC(CC(CC)(CC)C)(CC)C)CCC,0.054945054945054944
CN(CCO)C1C=NCNC1O,OCCC(NC12(CCNCC1)CCNCC2)C3NCCN(C3)CN,0.0
[N-]=[N+]=NCC1(CN=[N+]=[N-])CSC1,S=C=N(C1(CCC1)(C(=N(N=NN=C=N)(CC=NNC)(CC=NNC)C)(CC=NNC)(CC=NNC)C)C)C,0.0
COC(C)[NH+]1C=CN=N1,OCC(C(CC(CC(CCCC)NC(CNCC)(C)C)C)CC)(C)C,0.09219858156028368
N#CC(F)(F)OCC(F)(F)C(F)(F)C#CF,FC(F)(F)C(F)(F)(F)(F)(F)(F)(F)(F)(F)(F)(F)(F)(F)(F)(F)(F)(F)(F)(F)(F)(F)(F)(F)(F)(F)(F)(F)(F)(F)(F)(F)(F)(F)F,0.0
FCCC1C(=S)N2C=CS[C@@H]12,OC2CNCCCC(CCC(CC(CCCCCCC1CC1)CCOC)COC)CNCCCCCCC(C2)CCOC,0.11549295774647887
C=CC/C(N)=C/Br,OCC1C(CCC1)(CCCC=C)CC=C,0.07909604519774012
CC1=C(Cl)C(N=NCl)=NN1,,0.0
NC1=CC(C(Cl)(Cl)Cl)=C(S(N)(=O)=S)C=C1,OCCCCNCCNCCCNCCCNCCCCNCCCNCCCNCCCNCCCNCCCNCCCNCCCNCCCNCCCNCCCNCCCNCCCNCCCN,0.0333889816360601
CCCCSNC(=S)S,O(CCCC)O(CCC)(OCCC)O(CCC)(OCCC)O(CCC)(OCCC)O(CCC)(OCCC)OCCC,0.0
O=C1N=C(NC2=CC=CC=C2)SS1,OCCCCCCCCCCCCCCCCCCCCCCCCCCCCCCCCCCCCCCCCCCCCCCCCCCCCCCCCCCCCCCCCCCCCCCCCC,0.009230769230769232
FC1(F)C=CSC2=C1C#CCCCC2,I,0.0
C#CS(C)(C)C#N,OCOCOCOCOCOCOCOCOCOCOCOCOCOCOCOCOCOCOCOCOCOCOCOCOCOCOCOCOCOCOCOCOCOCOCOCOC,0.0196078431372549
CC(C)(C)N(Cl)S(=O)O,OCCOOCCOCCOCCOCCOCCOCCOCCOCCOCCOCCOCCOCCOCCOCCOCCOCCOCCOCCOCCOCCOCCOCCOCCO,0.04487179487179487
CP(=O)(OP)OP,OCCCCCCCCCCCCCCCCCCCCCCCCCCCCCCCCCCCCCCCCCCCCCCCCCCCCCCCCCCCCCCCCCCCCCCCCC,0.028169014084507043
P=C1COC1,OCCCCCCCCCCCCCCCCCCCCCCCCCCCCCCCCCCCCCCCCCCCCCCCCCCCCCCCCCCCCCCCCCCCCCCCCC,0.20833333333333334
CC(C)N1CCN(C(C)C)P1C1N2CN3CN(C2)CP1C3,F,0.0
NC1(C2=NC=NC=C2)C=CN=N1,OCCNCNCNCNCNCNCNCNCNCNCNCNCNCNCNCNCNCNCNCNCNCNCNCNCNCNCNCNCNCNCNCNCNCNCNCN,0.033582089552238806
O=CC1=C(C2=NC=CC=N2)SCC1,O=CN(C(C1N(N=NC=1)CC(=C2C=NC=C2)C)(C)C)CC,0.15636363636363637
N#CONS,,0.0
N#CC1=C(C2OC=CO2)NN=C1,OCCCCCCCCCCCCCCCCCCCCCCCCCCCCCCCCCCCCCCCCCCCCCCCCCCCCCCCCCCCCCCCCCCCCCCCCC,0.014778325123152709
O=C1CC=NC2=C1C(Cl)=CN(Cl)N2,O(=C1(NCCCCCC1)C(CCCC2CCCCCCCCCCC2)(C)C)(C)C,0.0
CCOC(=O)C(C(=O)C#CC1=CC=CC=C1)[N+](=O)[O-],OCCCC(C=CC=CC=C)COCC=CC1(=CC=CC=C1)C2=CC=CC=C2,0.0
C=C(Br)/C=C(\C)O/C(C)=C\C(=O)F,O(C1(C(CCC1)CNCC(C(CC)C)CNN=C(NN)C)C)CC,0.08392857142857142
CC([O-])=[S]CC1=CC=CO1,OCCC(O)(C)C,0.0319634703196347
CN(CC(F)F)/C(CO)=N\NC=O,OCCO,0.03286384976525822
O=C1C2=CC=CC=C2C=CC2=C1C=C(P(=O)(O)O)C=C2,,0.0
NC1=C(NC2=CC=CC=C2Cl)C=CO1,,0.0
C=NN(C=NC)C1=NC(Br)=CN=C1N,OCCNN=CCCCCCCC(C(CCCC(CCCCCCCCC)NN)CCC)CCC,0.0811232449297972
O=C(NC1=NNN=N1)NC1=CN=CN1,OCCCNC(NCCCCC)(CNCCCC)C(CCCC)C(NCC)C(NCC)C(NCC)C(NCC)CNCC,0.10474860335195531
O=S(=O)(N1N=NC(C2=CC=CC=C2)=N1)C(F)(F)F,S(=O)(=O)(NCC(NCC1NN=CC=1)NCC)CC(F)(F)(F)(F)(F)(F)(F)(F)(F)(F)(F)(F)(F)(F)(F)(F)(F)(F)F,0.0
NC1=C(C2=CC=C(Cl)C=C2)C(C#CC2=CN=CN=C2)=NC=N1,,0.0
COCC#C/C=C(\Br)COCOC,OC(CC(CO)(CO)C)CCC(O)(CO)CO,0.060836501901140684
C1=NO1,OCCCCCCCCCCCCCCCCCCCCCCCCCCCCCCCCCCCCCCCCCCCCCCCCCCCCCCCCCCCCCCCCCCCCCCCCC,0.05
OCC(CBr)OCC(F)(F)CCl,OCCCCCC(CCNC(O)(CCO)CC(O)=NO)CCC(O)=NCCO,0.08269230769230769
CCCSC1=NCC(Cl)(CBr)S1,OCC(CCCC(NC(C1CC1)C)C)CC2(OC2C)C,0.10344827586206896
[2H]C#CC1=C(O[2H])C(C)=C(C)C(O[2H])=C1C#C[2H],OCCN(C=C1(C=C(C=CC=1C(OC)(C)C)CO(C)(C)(C)(C)(C)C)CO(C)(C)(C)(C)C)COCO(C)(C)(C)(C)(C)C,0.0
CCOC(/C=C(\Br)C(F)(F)F)OCC,FC(F)C(CCCN(C1CC1)COCC)C(OCC)=O,0.09957627118644068
N#CC1=C(S)N=CN1,OCCCCNCCCCCCCCCCCCCCCCCCCCCCCCCCCCCCCCCCCCCCCCCCCCCCCCCCCCCCCCCCCCCCCCCCCC,0.023148148148148147
C(#CC1=NN=C(C#CC2=CC=C(C#CC3=NN=C(C#CC4=CC=CC=C4)S3)C=C2)S1)C1=CC=CC=C1,ON=C(NC=NC(=NC=N1C=NN=C1)N)CN=CNC2CC2,0.0
O=C(O)N(SS(=O)(=O)C1=CC=CC=N1)C1=NOCC1,,0.0
CN1CN(C)S1(=O)=O,SP(=O)N(CCCCCCCC)(=O)(NCCCCCCCCC)(=O)(NCCCCCCCC)(=O)NCCCCCCCC,0.0
C=C(OC=CC)C1=CC=NO1,O(C(CCCNN)(CC)CNC=C1C=CN=C1)C,0.0975177304964539
NSP(=O)(SN)N1C=CCC1,POCC(CCCCC(CCCCCCCCCC(CCC)(C)C)OC(C)(C)(C)C)(C)=O,0.0
C=CCN=C1N=NCS1,OCCN(C(C(CCC=C)(C)C)CC(=CCC=C)C)CCCC=C,0.06236559139784946
CCOC1=NN=C(NC#N)O1,O(C(CNNC(C)(C)(C)(C)C#N)(C)C)(C)COCC,0.0
C1=CN2N=NC=C2C=NN1,OC(C(N(C(CC)(C)C)(C(N(C(CCC)C)(C(OCC)C)(C(N(CCC)(C(OCC)C)C)C)C)C)C)C)C,0.0
[2H]C([2H])=C([2H])C1=CC=CC=N1,OCCCCCCCCCCCCCCCCCCCCCCCCCCCCCCCCCCCCCCCCCCCCCCCCCCCCCCCCCCCCCCCCCCCCCCCCC,0.01056338028169014
COC#CC(=O)C(Cl)Cl,,0.0
O=S(=O)(O)C#CCS(=O)(=O)O,S(=O)(=O)N(CCC(CC)CCCCC(N)(O)O)CCC,0.04377104377104377
NC1=NN=C(OC2=CC=NC=C2)S1,OCCN=C(NC1=CC=CC=C1)N=CC=NN=CC2=CC=CC=C2,0.08771929824561403
C=[N+](C)O[N-][N+](C)=N,,0.0
CC(C)(C)N(O)C=C1C=NN=C1,ONC1CCC(CC1O)CN=NN=CN=CN=CN=CN=CN=CN=CN=CN=CN=CN=CN=CN=CN=CN=CN=CN=CN=CN=CN=CN=CN=CN=CN=CN=CN=CN=CN=CN=C,0.11316397228637413
O=C(C1=CC=CC=C1)S1(Br)C=CN=C1,OCCOCC(O)(=O)NOCC1OC1CCCCCCCCCCCCCCCCCCCCCCCCCCCCCCCCCCCCCCCCCCCCCCCCCCCCCCCCC,0.0
O=P(O)(C(Cl)(Cl)C(O)Cl)C(Cl)(Cl)C(O)Cl,O(CC(N)C(O)(C1(O)OCC(O)OC1(O)O)COC(O)(O)(O)(O)O)COC(O)(O)(O)(O)(O)(O)(O)(O)O,0.0
CC(C)(CO)C(=O)OP(N)(=O)CC=S,OC(C(C(CN)(C)C)(CO)(C)(C)C)C(OC(CC(OC)(C)(C)(C)C)(C)C)(C)C,0.0
O=C(O)C1C(F)=C(F)N1F,,0.0
COP(=O)(C/C(COC1=CC(Cl)=CC=C1)=N/NC(N)=O)OC,,0.0
C=C(N)[N+](=O)[S-],OCC(NCCC(N)(C)(C)(C)C)CCNCC(N)(C)(C)C,0.0
CC(CN1NC(Cl)=CC1=O)OC1=CC=CC=C1,OC(CNC(COC1=CC=CC=C1)(C)C(O)=O)COC2=CC=CC=C2,0.20509383378016086
CC(C)P(O)(O)(Cl)OCl,O(COCC1OC1)CCOC(C(OCC(O)C(O)C(O)C(O)C)(O)(O)(O)(O)O)(CC(O)CC(O)C)(O)(=O)CC,0.0
CN1N=NN(CC2=C(Cl)C=CC(C(=O)O)=C2F)C1=O,OCCNN(=NCC14C3C1NN(C2C(C2)O)=C3NCC4)CC(O)=O,0.0
NC(=S)N(N)CNC(=S)N(N)CO,O=C(NCC(N)(C)C(N)=NO)C(CN)(C(N)CN)C,0.08045977011494253
CC1=CC(CS(=O)(=O)CC2=NC(C(C)(C)C)=NO2)=C(C)S1,,0.0
CS/N=C/C=N/SC,OC(CCCNN)CCC(N)=NO,0.04430379746835443
CN1N=NN=C1ON,O(CC(N(CC)(C)C)(C)C)CC(CC)(C)C,0.0
CCN(CC)S(C)(S)CC,O(CC(NCC)CCC)(CCN(CC)(C)C)C,0.0
